"make","model","raw_n","ave_year","weighted_n","co2_gpm","mpg_city","mpg_highway","weight_unladen"
"Toyota","Camry",355,2009,70334.00011,355.48,21,31,3362
"Honda","CR-V",319,2012,57643.71245,348.643846153846,22.4383,29.74665,3426
"Toyota","Corolla",267,2009,50899.30129,325.856666666667,24,32.5,2800
"Ford","Escape",227,2013,50313.82008,362,21.5725,29.551025,3618.5
"Honda","Accord",247,2009,48602.04974,370.291666666667,21,30,3328
"Toyota","RAV4",233,2012,47270.10949,387.123106060606,20.232175,26.862275,3544.5
"Ford","F-150",173,2009,47170.67295,555.4375,14,19,5236.5
"Toyota","Prius",237,2011,44510.6819,185.145833333333,49.3956,45.865,3042
"Honda","Civic",253,2010,44192.52645,306.448275862069,20.9,29.1,2762.5
"Chevrolet","Silverado",180,2010,42010.42602,493.722222222222,15,22,5719
"Ford","Focus",168,2011,38578.20938,311.920566502463,25.031,33.56455,2632.5
"Honda","Odyssey",134,2010,37524.34271,469.036111111111,16.5,24,4524.5
"Motorcycle","Other",175,2001,37311.0531,NA,NA,NA,NA
"Subaru","Outback",221,2013,36368.42239,375,21.1244,27.7142,3482.5
"Chevrolet","Equinox",156,2015,33471.92979,364,21.3337,29.8192,3803
"Subaru","Forester",181,2012,29609.39925,386.391304347826,20.8185,26.2183,3360
"Ford","Fusion",146,2013,28081.39969,269.5,31.87595,35.436,3523
"Toyota","Sienna",124,2010,27417.39851,480.729532163743,16.5,22,4412.5
"Hyundai","Sonata",114,2011,26389.35367,341.807692307692,22.1096,33.7011,3268.5
"Chrysler","Town & Country",107,2009,26230.03025,467.736842105263,17,24,4507
"Toyota","Highlander",124,2011,25793.59788,424.152272727273,18.74755,24.4353,4365
"Chevrolet","Malibu",111,2011,22245.33293,341.807692307692,21.824,32.4136,3436
"Honda","Pilot",87,2011,21517.89491,480.729532163743,16.3252,22.38825,4504
"Dodge","Grand Caravan",91,2010,21395.06662,467.736842105263,17,24,4321
"Nissan","Altima",91,2011,21208.00302,372.881118881119,21.53245,29.1098,3333
"Jeep","Grand Cherokee",104,2011,20438.29341,493.722222222222,16.02875,22.414,4780
"Chevrolet","Impala",106,2010,19758.63297,403.954545454545,18,29,3602
"Mazda","Mazda3",132,2012,19333.66617,306.813095238095,25.7087,34.6349,2932.5
"Hyundai","Elantra",88,2012,19294.14614,277.71875,28,38,2661
"Nissan","Rogue",90,2015,18911.65745,343,23.7454,29.40355,3427.5
"Ford","Explorer",82,2008,17674.61511,573.952083333333,13.25,19.5,4436
"Subaru","Impreza",93,2014,16236.55435,374.75,21.550975,28.587425,NA
"Hyundai","Santa Fe",73,2013,15615.94446,424,18.75455,24.9306,4007
"Kia","Soul",69,2014,15101.51123,338,23.5971,29.5912,2879
"Volkswagen","Jetta",94,2011,14648.51579,316.5,24.02725,33.18715,3185.5
"Jeep","Cherokee",63,2014,14333.0438,425.5,18.519,24.80795,4106
"Ford","Edge",95,2013,14285.42183,422,18.2635,26.1085,4232
"GMC","Sierra",50,2009,14252.06971,539.101102941176,14.5,20,5556
"BMW","3 Series",58,2010,14067.32584,444.35,17,26,3649
"Mazda","CX-5",77,2016,13767.73741,324,24.967925,31.277825,3415
"Chevrolet","Cruze",66,2014,13572.23571,309,25.6879,36.453,3102
"Chevrolet","Suburban",50,2005,13387.96371,613.62619047619,13,17.5,5474
"Chevrolet","Traverse",46,2014,12900.26248,470.5,16.3669,23.31,4758.5
"Toyota","Tacoma",55,2011,12744.53283,469.592940685046,17.461775,21.596,3762.5
"Nissan","Sentra",42,2011,12724.95232,341.807692307692,23.7023,30.0022,2960
"Ford","Mustang",40,2006,10735.61562,480.729532163743,16,23,3480
"Kia","Sorento",53,2014,10490.36446,424.5,18.430125,24.6818,3833
"Acura","MDX",39,2011,10448.65743,493.722222222222,15.9536,20.7059,4550
"Kia","Optima",34,2013,10223.7312,326,23.5267,33.65,3223
"Ford","Taurus",57,2005,10185.68854,444.35,18,25,3313
"Mazda","Mazda6",48,2010,9988.40198,386.391304347826,20,29,3402.5
"Ram","1500",41,2016,9895.57181,482,15.97225,23.05305,5191.5
"Chevrolet","Tahoe",47,2008,9668.34563,499.89375,17,19.75,5394.5
"Lexus","RX",61,2010,9584.42401,296.233333333333,32,28,4510
"Lexus","RX",61,2010,9584.42401,433.770238095238,18,24.5,4510
"Volkswagen","Passat",44,2010,9536.07804,355.48,21.9904,30.747,3391.5
"Honda","Fit",101,2012,9476.56593,296.233333333333,27,33,2540
"Saturn","VUE",27,2006,9336.59411,433.770238095238,18.5,25,3388
"GMC","Acadia",35,2014,9188.34684,474.5,16.21635,23.1108,4711
"Dodge","Ram Pickup",29,2003,8870.60233,634.785714285714,13,16.5,5878
"Ford","Ranger",64,2003,8534.74941,522.764705882353,15,20,3535.5
"Buick","LeSabre",43,2002,8411.08547,423.190476190476,17,27,3579
"Pontiac","Vibe",44,2007,8145.5494,317.798212005109,25.5,32,2700
"MINI","Cooper",28,2011,8089.00302,282.198084677419,28.2177,35.80035,2811
"Chrysler","Pacifica",25,2015,8082.72846,NA,NA,NA,NA
"Subaru","Legacy",57,2013,7891.06764,375,21.1244,27.7142,3427
"Chevrolet","Sonic",28,2014,7785.97277,300,26.4099,34.8856,2745
"Mazda","CX-9",18,2011,7539.1705,467.736842105263,16.66665,22.80475,4438
"Volkswagen","Tiguan",37,2015,7353.53107,393,20.5204,25.5684,3316
"Toyota","4Runner",33,2009,7250.32171,NA,NA,NA,NA
"Nissan","Murano",32,2012,7223.43296,444.35,17.9536,23.3465,4025
"Subaru","Crosstrek",44,2018,6990.06166,327,24.70375,30.8777,3209
"Nissan","Pathfinder",27,2013,6965.35435,411,19.5075,25.1266,4185
"Kia","Sedona",17,2013,6831.60449,NA,NA,NA,NA
"Audi","A4",37,2010,6503.08783,341.807692307692,23,30,3660
"Chevrolet","TrailBlazer",28,2005,6231.90934,573.952083333333,13.5,18.75,4773
"Dodge","Journey",16,2013,6085.43108,450.5,17.036625,24.626275,4153
"Kia","Forte",27,2015,5922.33481,303,25.2036,36.2115,2857.5
"Subaru","XV Crosstrek",30,2014,5809.03365,313.75,26.38985,31.40425,3164
"Audi","A6",19,2008,5766.07298,423.190476190476,18,27,4211
"Jeep","Liberty",28,2007,5657.32033,522.764705882353,15.5,20.25,3847
"Dodge","Durango",30,2010,5641.3873,NA,NA,NA,NA
"Toyota","Tundra",32,2009,5596.28289,NA,NA,NA,NA
"Acura","RDX",21,2015,5553.11652,394,19.6944,27.25865,3785
"Mitsubishi","Outlander",24,2013,5459.16819,NA,NA,NA,NA
"Jeep","Patriot",23,2013,5417.83556,377.5,21.6063,26.5792,3236
"Toyota","Matrix",25,2007,5366.31851,317.798212005109,25.5,32,2679
"Hyundai","Tucson",28,2015,5364.28842,381,21.0019,26.5769,3373
"GMC","Terrain",29,2015,5322.60953,389,20.2177,28.5059,4027
"Chevrolet","Cavalier",11,2000,5268.91533,NA,NA,NA,NA
"Jeep","Wrangler",31,2007,5204.52815,NA,NA,NA,NA
"Kia","Sportage",37,2014,5201.93778,398.25,19.770875,25.961125,3429.5
"Mercedes-Benz","E",13,2007,5172.6781,NA,NA,NA,NA
"Honda","Other",20,2009,5115.51867,NA,NA,NA,NA
"Pontiac","Grand Prix",24,2003,5089.21744,444.35,17,26,3496
"Chevrolet","Cobalt",29,2008,5059.98571,341.807692307692,22,31,3103.5
"Dodge","Caravan",25,2003,5032.55734,483.557352941176,16,22.5,3758
"Acura","TSX",16,2009,4977.26766,370.935652173913,20.5,29,3400
"Jeep","Wrangler Unlimited",15,2014,4931.35509,503,15.8405,20.40205,4397
"Chrysler","PT Cruiser",18,2004,4914.9275,NA,NA,NA,NA
"Chevrolet","Colorado",14,2012,4908.17626,NA,NA,NA,NA
"Volvo","S60",22,2011,4888.03651,NA,NA,NA,NA
"Buick","LaCrosse",32,2011,4886.07641,415.370652173913,17.94675,27.95515,4045
"Buick","Enclave",24,2012,4789.67593,480.729532163743,16.3293,22.78735,4780
"Cadillac","CTS",10,2012,4680.39538,467.736842105263,16.0395,25.5028,3883.5
"Audi","Q5",17,2015,4672.9308,395,19.6583,27.2277,4292.5
"Saturn","S Series",17,1999,4630.1973,329.148148148148,23,33.5,2418
"Toyota","Avalon",39,2008,4569.21538,403.954545454545,19,28,3490
"Lexus","ES",27,2008,4532.52441,NA,NA,NA,NA
"Pontiac","G6",18,2007,4477.00248,423.190476190476,18,26,3472
"Dodge","Caliber",10,2008,4333.31711,370.291666666667,23,27,3156
"Saturn","Ion",29,2005,4327.96557,370.291666666667,21,29,2793
"Nissan","LEAF",23,2015,4299.26003,0,NA,NA,3256
"GMC","Yukon",22,2007,4294.68936,555.4375,14,19,5687
"Jeep","Compass",22,2014,4246.38767,381,21.24865,27.2263,3203.5
"Mitsubishi","Outlander Sport",17,2015,4214.22167,343.5,23.425725,28.602775,3131
"Toyota","Yaris",20,2009,4181.92691,282.198084677419,29,35.5,2302
"Ford","Crown Victoria",12,2005,4159.359,NA,NA,NA,NA
"Toyota","Prius c",24,2014,4115.52527,178,52.5854,46.3205,2500
"Honda","Ridgeline",20,2013,4108.52821,505,15.5008,20.7732,4513
"Honda","Accord Hybrid",11,2016,4075.41218,NA,NA,NA,NA
"Toyota","Sequoia",8,2008,4074.77562,603.046428571429,13.5,17.5,5952.5
"Ford","Expedition",14,2007,4072.0202,592.466666666667,12,18,5865.5
"Toyota","Prius v",23,2014,4013.00913,217,42.5946,38.7724,3274
"Cadillac","Deville",13,2003,3996.56015,NA,NA,NA,3978
"Dodge","Other",23,2015,3978.159,NA,NA,NA,NA
"Lincoln","Town Car",13,2002,3908.59001,NA,NA,NA,NA
"Volkswagen","GTI",22,2015,3887.8842,315,24.77645,33.45375,3020
"Volvo","XC90",21,2011,3814.43893,509.151041666667,15.352425,21.6937,4793.5
"Buick","Regal",15,2008,3692.13547,NA,NA,NA,NA
"Honda","HR-V",27,2017,3602.74506,301.5,27.36275,32.50945,3062
"Dodge","Charger",14,2012,3592.03572,NA,NA,NA,NA
"Mazda","MX-5 Miata",18,2000,3588.23124,386.391304347826,21,26,2332
"Toyota","Other",15,2008,3553.16226,NA,NA,NA,NA
"Chevrolet","Corvette",21,1999,3542.14864,469.036111111111,15.5,24.5,3186.5
"GMC","Envoy",11,2004,3539.9326,564.694791666667,13.75,18.5,4851
"Buick","Century",17,2000,3519.39073,423.190476190476,18,27,3368
"Nissan","Frontier",13,2010,3480.48878,517.175938467492,15.5,20,4070
"Acura","TL",22,2007,3374.35055,423.190476190476,18,26,3623
"Nissan","Versa",13,2010,3370.5278,NA,NA,NA,NA
"Chevrolet","Other",12,2005,3362.70701,NA,NA,NA,NA
"Tesla","Model 3",13,2018,3360.41031,0,NA,NA,3810.5
"Lincoln","MKZ",16,2012,3303.00514,423.190476190476,17.8951,26.5822,3752
"Chevrolet","Volt",22,2014,3234.24197,81,34.9,39.7,3781
"Ford","F-250",22,2004,3233.62415,NA,NA,NA,NA
"Kia","Rio",18,2011,3203.53344,296.233333333333,27.32605,34.00655,2401.5
"Mercedes-Benz","C",15,2011,3201.12841,NA,NA,NA,NA
"Nissan","Xterra",10,2009,3200.56405,NA,NA,NA,NA
"Infiniti","G37x",8,2012,3181.70468,444.35,17.767,25.0032,NA
"Chrysler","200",16,2014,3156.87908,380,19.6583,29.0835,3389
"Ford","C-Max Hybrid",10,2015,3110.57034,NA,NA,NA,NA
"Chrysler","300C",8,2011,3061.14866,NA,NA,NA,NA
"Nissan","Maxima",20,2010,3025.54921,403.954545454545,19,26,3556
"GMC","Yukon XL",15,2009,3021.20085,NA,NA,NA,NA
"Pontiac","Grand Am",10,2004,3007.1439,355.48,21,31,3091
"Dodge","Dart",12,2014,3006.28368,327,23.6998,34.2642,3186
"Mazda","Mazda5",15,2010,3001.81019,378.341485507246,21.5,27.5,3422
"Ford","F-350",22,2009,2997.10496,NA,NA,NA,NA
"Volkswagen","Golf",19,2009,2964.7774,NA,NA,NA,NA
"Chrysler","Sebring",15,2005,2948.59846,423.190476190476,18,26,3274.5
"Mercury","Grand Marquis",10,2003,2941.30994,NA,NA,NA,NA
"Mercury","Mountaineer",6,2004,2901.029,583.209375,13.5,18.25,4329.5
"Chevrolet","Camaro",15,2001,2885.33196,NA,NA,NA,NA
"GMC","Canyon",14,2012,2877.32804,NA,NA,NA,NA
"Volvo","V70",7,2002,2874.85832,NA,NA,NA,NA
"Mazda","CX-3",4,2017,2865.26406,298,27.59975,32.77075,2809
"Chevrolet","HHR",15,2008,2845.08446,370.291666666667,21,29,3067
"Ford","Flex",8,2014,2841.65418,453.75,17.148325,23.7468,4557
"Volkswagen","Touareg",5,2014,2824.30441,NA,NA,NA,NA
"Hyundai","Accent",14,2013,2807.43304,280.5,28,37,2413
"Chevrolet","Malibu Maxx",6,2005,2770.9474,386.391304347826,20,28,NA
"Mercedes-Benz","M",10,2010,2748.92037,NA,NA,NA,NA
"Toyota","Scion xD",5,2011,2700.45291,NA,NA,NA,NA
"Chevrolet","C1500",11,1995,2641.14438,NA,NA,NA,NA
"Pontiac","Other",5,2003,2618.19133,NA,NA,NA,NA
"Lexus","IS",9,2011,2591.77566,424.152272727273,18.7896,25.75475,3703
"Audi","A3",10,2015,2496.51326,310,27.1783,37.33285,3287
"Mercedes-Benz","CLA",3,2015,2471.25297,NA,NA,NA,NA
"Volkswagen","Golf Alltrack",8,2018,2467.73657,358,21.6578,29.77065,3395
"Dodge","Dakota",14,2003,2409.77787,595.111607142857,13.5,17.5,3951
"Dodge","Stratus",12,2005,2367.04514,423.190476190476,18,26,3131.5
"Lexus","GS",15,2010,2362.34573,403.954545454545,19,26,4049.5
"Lexus","GS",15,2010,2362.34573,386.391304347826,22,25,4049.5
"Chevrolet","Avalanche",11,2006,2347.2967,NA,NA,NA,NA
"Oldsmobile","Alero",9,2002,2338.73176,370.291666666667,21,30,3018.5
"Kia","Spectra",11,2007,2335.58574,341.807692307692,23,31,2701
"Buick","Encore",17,2015,2324.02846,320,25,33,3297.5
"Saturn","L Series",11,2002,2318.70012,370.291666666667,21,29.5,3070
"BMW","5 Series",18,2009,2314.23152,NA,NA,NA,NA
"Mazda","B-Series",3,1998,2270.62622,NA,NA,NA,NA
"Toyota","Camry Solara",11,2005,2256.17024,370.291666666667,20,29,3470
"Kia","Niro",8,2018,2231.51231,183,50.8864,46.2675,3199
"Buick","Lucerne",14,2008,2200.09094,493.722222222222,15,23,3792
"BMW","i3",4,2015,2195.9241,0,NA,NA,2716.5
"Pontiac","Firebird",7,1996,2187.05815,NA,NA,NA,NA
"BMW","X3",15,2014,2177.40408,394,20.0147,26.6404,4145
"Jeep","Renegade",10,2016,2152.41178,349.5,22.6312,30.147225,3267.5
"Cadillac","SRX",6,2011,2152.39998,462.539766081871,17.026525,23.305175,4305.5
"Chrysler","300",9,2009,2148.84876,NA,NA,NA,NA
"Acura","RSX",4,2003,2126.59299,NA,NA,NA,NA
"Toyota","Scion xB",16,2008,2086.59189,370.291666666667,22,28,NA
"Hyundai","Azera",7,2009,2085.74614,NA,NA,NA,NA
"Lexus","GX",7,2009,2081.7441,NA,NA,NA,NA
"Acura","TLX",10,2017,2071.56905,348.75,21.9291,32.70025,3596
"Chevrolet","Blazer",11,1998,2069.38377,NA,NA,NA,NA
"Saturn","Aura",10,2008,2040.43922,403.954545454545,18,29,3529
"Pontiac","Bonneville",3,2002,2016.12149,NA,NA,NA,NA
"Volkswagen","New Beetle",12,2002,2003.9201,370.291666666667,21,28,2874
"Lexus","NX",8,2017,2001.5727,360,22.3219,27.975,4050
"Chevrolet","Trax",10,2017,1997.4239,313,25.4114,32.7237,3208
"Ford","Five Hundred",7,2006,1974.08352,450.753540100251,17.75,24.25,3739
"Fiat","500",6,2014,1960.11671,NA,NA,NA,NA
"Ford","Explorer Sport Trac",6,2004,1952.83188,555.4375,14,19.5,4242
"Chevrolet","Uplander",5,2007,1886.45861,467.736842105263,16,23,4470
"Cadillac","Escalade ESV",3,2010,1849.16188,NA,NA,NA,NA
"Nissan","Titan",3,2009,1803.60259,NA,NA,NA,NA
"Volvo","XC70",11,2008,1799.64961,522.764705882353,15,22,4092
"Volvo","S80",7,2008,1771.2634,480.729532163743,15.5,23.5,4016
"Saab","9-3",8,2006,1748.31652,NA,NA,NA,NA
"Subaru","B9 Tribeca",3,2006,1731.76966,493.722222222222,16,21,4245
"Nissan","Juke",8,2012,1721.99656,317.798212005109,25.8965,30.93165,3146
"Buick","Verano",9,2014,1714.829,372,20.5296,30.5383,3300
"Lexus","SC",5,2002,1705.28613,493.722222222222,16,21,3840
"Mercury","Mariner",12,2008,1692.95246,370.772564935065,24,26,3496
"Ford","Freestyle",4,2006,1682.99289,456.043421052632,17.5,23.5,4036
"Buick","Park Avenue",6,2000,1603.44144,NA,NA,NA,NA
"Lincoln","MKC",10,2016,1560.24073,NA,NA,NA,NA
"Toyota","Celica",4,1997,1512.97833,NA,NA,NA,NA
"Ford","Expedition EL",4,2014,1510.71311,NA,NA,NA,NA
"Mitsubishi","Eclipse",3,2003,1504.82439,423.190476190476,19,26,3042
"Honda","Element",15,2006,1487.03049,NA,NA,NA,NA
"Ford","Econoline",10,2001,1476.35024,613.62619047619,12.75,17.75,5261.5
"Volvo","XC60",17,2014,1473.77088,423.75,17.843425,25.21485,4171
"Chrysler","300M",4,2003,1471.69524,NA,NA,NA,3503
"Ford","Escort",11,1998,1403.83709,336.436428571429,23,32.5,2473
"Chevrolet","Venture",7,2003,1392.63206,469.036111111111,16.5,23,3768.5
"Cadillac","Fleetwood",2,1994,1368.63548,493.722222222222,15,23,4478
"Volkswagen","Eos",3,2008,1368.14541,370.291666666667,20,29,3568
"Volkswagen","Atlas",4,2018,1364.77183,406.5,19.63975,25.5079,4403
"Dodge","Challenger",6,2016,1362.11418,NA,NA,NA,NA
"Lincoln","MKX",9,2013,1358.30032,NA,NA,NA,NA
"Plymouth","Breeze",3,1997,1352.26161,357.769726247987,21,31.5,2909
"Ford","Windstar",3,2000,1348.72201,515.50408496732,15.25,21,3910
"Mercury","Sable",14,2002,1344.26467,423.190476190476,18,25,3465.5
"Cadillac","DTS",4,2008,1333.50274,493.722222222222,15,22.5,4009
"Ford","Fiesta",20,2014,1316.44117,293,27.19595,35.3626,2578
"Hyundai","Elantra GT",9,2015,1315.72778,NA,NA,NA,NA
"Hyundai","Genesis",6,2012,1301.07619,444.35,16.978,25,4024
"Saturn","Outlook",7,2008,1283.3874,480.729532163743,16,23,4722
"Audi","A5",4,2012,1277.44407,362.885833333333,20.9211,29.8925,3781
"Buick","Rainier",7,2005,1257.08563,NA,NA,NA,NA
"Hyundai","Sonata Hybrid",3,2012,1246.49471,246.861111111111,34,39,NA
"Geo","Prizm",5,1996,1246.03222,335.47792022792,24,31,2364.5
"BMW","X5",11,2013,1239.4662,512.5,14.9384,21.7037,5280
"Subaru","WRX",4,2017,1234.73312,NA,NA,NA,NA
"Cadillac","XT5",4,2018,1222.70002,405,19.3338,26.2106,4113
"Mercury","Milan",8,2009,1217.4856,386.391304347826,20,28,3211
"Mazda","Tribute",6,2003,1217.17404,447.151021493127,18,23,3373.5
"Toyota","Prius Plug-In",8,2016,1214.67491,NA,NA,NA,NA
"Honda","Insight",8,2010,1213.09597,216.756097560976,40,43,2725
"Audi","SQ5",2,2016,1209.74215,NA,NA,NA,NA
"Subaru","Other",3,2006,1199.13665,NA,NA,NA,NA
"Mercedes-Benz","GL",3,2012,1156.08194,NA,NA,NA,NA
"Dodge","Neon",5,2003,1150.80303,355.48,22,29,2639
"Ford","Freestar",4,2005,1126.29212,493.722222222222,16,21.5,4177.5
"Mazda","Mazda2",5,2012,1121.49229,291.455376344086,28.4808,33.6183,2306
"Honda","Accord Crosstour",3,2010,1097.76076,433.770238095238,17.5,26,3887
"BMW","7 Series",4,2006,1091.69441,524.579861111111,14,22,4552
"Toyota","Avalon Hybrid",4,2015,1087.71039,NA,NA,NA,NA
"Cadillac","ATS",3,2015,1087.24506,NA,NA,NA,NA
"Lexus","LX",3,2006,1073.91627,NA,NA,NA,NA
"Ford","Ecosport",3,2018,1073.37649,NA,NA,NA,3190
"Oldsmobile","Intrigue",3,2000,1070.51448,444.35,17,26,3455
"BMW","X1",6,2016,1069.52848,349,21.9462,31.166,3660
"GMC","Step Van",2,1998,1053.51476,NA,NA,NA,NA
"Chevrolet","Monte Carlo",10,1999,1053.40353,NA,NA,NA,NA
"Audi","A8",3,2002,1052.31171,NA,NA,NA,NA
"Chevrolet","Bolt",3,2018,1050.19478,0,NA,NA,3563
"Lincoln","MKS",2,2013,1049.29245,NA,NA,NA,NA
"Dodge","Avenger",8,2010,1044.15827,NA,NA,NA,NA
"Porsche","Cayenne",2,2010,1042.88839,NA,NA,NA,NA
"Mazda","CX-7",3,2011,1040.97251,441.553747139588,18.07485,23.256925,3787
"Mercedes-Benz","SL",2,1998,1035.25331,NA,NA,NA,NA
"Audi","TT",5,2007,1033.9344,NA,NA,NA,NA
"Lincoln","Mark VIII",2,1998,1028.14986,493.722222222222,15,24,3775
"BMW","4 Series",3,2016,1024.74754,372,20.3173,30.3446,3775
"Ford","Expedition MAX",1,2019,1020.87868,480,16.50155,22,NA
"Volkswagen","Other",3,2013,1020.70364,NA,NA,NA,NA
"Hyundai","Other",3,2011,1020.69377,NA,NA,NA,NA
"Infiniti","QX60",7,2016,1019.55655,364.5,22.8008,27.25915,4392.5
"GMC","Savana",2,2009,1019.22247,NA,NA,NA,NA
"Oldsmobile","Cutlass Supreme",2,1986,1019.03325,NA,NA,NA,NA
"Toyota","FJ Cruiser",6,2010,1012.73269,487.990153078775,16.5,21,4295
"Saturn","Sky",1,2009,1005.06743,423.190476190476,19,26,NA
"Toyota","Echo",2,2002,1003.04244,286.976041666667,28,36,2055
"Kia","Forte Koup",2,2012,1001.58063,NA,NA,NA,NA
"Lexus","LS",2,2006,999.37397,467.736842105263,16,23,3990
"Jaguar","XJS",2,1994,998.17885,NA,NA,NA,NA
"Jeep","Other",2,2008,996.301,NA,NA,NA,NA
"Volkswagen","Beetle",6,2014,990.53846,339,23.6679,31.32345,3143
"GMC","Other",6,1998,989.21619,NA,NA,NA,NA
"Mazda","Other",5,2008,970.3771,NA,NA,NA,NA
"Toyota","Scion iQ",1,2012,967.44819,240.189189189189,36,37.4,2127
"BMW","Z4",2,2010,956.61826,NA,NA,NA,NA
"Mercedes-Benz","Metris",1,2018,955.92618,404,20.5296,24.1172,4380
"Mercedes-Benz","380",1,1985,955.00817,592.466666666667,14,17,3577.5
"Mitsubishi","3000GT",1,1994,951.60181,NA,NA,NA,NA
"Volkswagen","Golf SportWagen",6,2016,948.00019,311.5,24.9253,34.3557,3025.5
"Chevrolet","S10",10,1998,945.61576,480.729532163743,15.5,21,NA
"Honda","Clarity",2,2018,944.81601,28.5,44,40,4055.5
"Pontiac","G8",2,2009,942.8629,543.094444444444,14,22,3995
"Audi","S8",1,2015,934.27722,452,16,26.7008,4566
"Chevrolet","G30",1,1994,934.19937,651.570913461539,12.25,17,4206
"Chrysler","Intrepid",1,1999,924.67428,NA,NA,NA,NA
"Lincoln","Navigator L",1,2015,924.33273,538,14.7421,19.4198,NA
"Ford","C-Max Energi",3,2014,920.3976,NA,NA,NA,NA
"Tesla","Model S",6,2015,917.23714,NA,NA,NA,NA
"Audi","A7",1,2013,916.667,418,17.8058,27.5484,4052
"Nissan","350Z",2,2005,912.36276,NA,NA,NA,NA
"Infiniti","FX45",1,2006,906.1078,592.466666666667,13,17,4391
"Fiat","500c",1,2013,904.6961,NA,NA,NA,NA
"Fiat","500X",1,2017,904.6961,NA,NA,NA,2967
"Chevrolet","Aveo",10,2007,903.6919,335.47792022792,23,32,2437
"Volkswagen","Routan",2,2012,901.45703,444.35,17.1523,24.89,4639
"Rolls Royce","Silver Seraph",1,1999,898.24024,NA,NA,NA,NA
"Pontiac","Aztek",4,2003,898.17781,NA,NA,NA,NA
"Pontiac","G5",1,2007,897.95342,362.885833333333,21.5,30,2991
"Ford","F-150 Heritage",1,2004,896.24237,NA,NA,NA,4345
"Mitsubishi","Diamante",1,2002,895.9027,493.722222222222,16,23,3494
"Volvo","S40",11,2006,893.01533,418.862391774892,18.5,26.5,3278
"Mitsubishi","Mirage",5,2012,888.65019,NA,NA,NA,NA
"Land Rover","Discovery",1,2019,888.27983,474,18.31225,23.12345,4833.5
"Oldsmobile","Aurora",2,2000,885.51405,NA,NA,NA,NA
"Ford","E450 Super Duty",3,2011,885.42004,NA,NA,NA,NA
"GMC","Sierra Limited",1,2019,884.91537,NA,NA,NA,5229
"Porsche","911",4,2000,884.55328,NA,NA,NA,NA
"Land Rover","LR2",2,2011,878.01638,NA,NA,NA,NA
"Chevrolet","Caprice Classic",2,1992,875.85281,NA,NA,NA,NA
"Nissan","Other",2,2018,866.47171,NA,NA,NA,NA
"Isuzu","Rodeo",1,2001,861.06001,530.932904411765,15,19.5,3856
"Oldsmobile","Bravada",3,2003,859.64435,573.952083333333,13.5,19.5,4628
"Chevrolet","K30",1,1981,858.72034,NA,NA,NA,4262.5
"Lexus","RC",1,2016,846.17453,396,19.184,27.5579,3748
"Infiniti","Q50",4,2015,837.60513,389,19.6283,28.7764,3748
"Mitsubishi","Other",2,2018,826.26333,NA,NA,NA,NA
"Chevrolet","Silverado Classic",3,2007,825.63117,555.4375,14.5,18.5,NA
"MINI","Cooper Countryman",6,2013,822.45855,NA,NA,NA,NA
"Chrysler","Other",5,2005,808.71689,NA,NA,NA,NA
"Toyota","Venza",12,2012,793.76915,NA,NA,NA,NA
"Ford","F-450",2,2000,788.72015,NA,NA,NA,NA
"Hyundai","Elantra Touring",6,2010,773.35051,341.807692307692,23,30.5,2937
"Pontiac","Solstice",2,2008,765.28324,423.190476190476,19,25.5,2918
"Mercedes-Benz","GLA",3,2017,763.27879,NA,NA,NA,3428
"Ford","Fusion Energi",3,2015,761.23573,129,40.4488,36.2655,NA
"Chevrolet","TrailBlazer EXT",3,2004,760.67005,NA,NA,NA,NA
"Suzuki","Other",6,2004,760.1613,NA,NA,NA,NA
"Ford","Other",7,2003,756.75418,NA,NA,NA,NA
"Chevrolet","Astro",3,1999,740.20224,555.4375,14,18.5,4036.5
"Ford","LTD Crown Victoria",2,1987,709.68482,NA,NA,NA,NA
"Hyundai","Entourage",2,2008,703.43353,493.722222222222,16,23,4400
"Ford","Transit Van",2,2016,691.92348,NA,NA,NA,NA
"Hyundai","Elantra Coupe",1,2014,689.73436,322,23.6431,33.3046,2861
"Volkswagen","Rabbit",7,2008,681.2328,370.291666666667,21.5,29,3056.5
"BMW","Other",3,2003,678.46308,NA,NA,NA,NA
"Chevrolet","Spark",6,2015,676.90182,NA,NA,NA,NA
"Pontiac","Fiero",4,1987,662.73602,419.014254385965,18.5,27.5,2556.5
"GMC","Suburban",3,1996,662.15543,NA,NA,NA,NA
"Cadillac","Escalade",7,2008,658.22713,634.785714285714,12,19,5751.5
"Mercedes-Benz","S",1,2005,653.43875,NA,NA,NA,4300
"Ford","Thunderbird",4,1998,638.62199,NA,NA,NA,NA
"Mercedes-Benz","190",4,1992,626.71199,NA,NA,NA,NA
"Toyota","Pickup",1,1994,620.70159,NA,NA,NA,3345
"Kia","Borrego",1,2009,596.07489,500.982843137255,15.75,21,4432.5
"Volkswagen","City Golf",1,2008,586.9827,NA,NA,NA,NA
"Lincoln","MKT",2,2012,566.94172,NA,NA,NA,NA
"Kia","Rondo",7,2008,565.36218,413.572510822511,18.5,26,3388
"Infiniti","QX80",1,2014,562.92867,562,13.63315,19.80675,5755.5
"Hyundai","Genesis Coupe",2,2013,557.82032,NA,NA,NA,NA
"Nissan","Versa Note",6,2015,546.40288,NA,NA,NA,2407
"Ram","2500",6,2015,543.36707,NA,NA,NA,NA
"Land Rover","Range Rover",3,2008,528.25373,NA,NA,NA,NA
"Audi","S6",1,2013,518.32531,440,16.761,26.9697,4284
"Infiniti","I30",1,1999,517.67066,423.190476190476,18.5,24.5,3035
"Dodge","Intrepid",5,2001,517.59766,NA,NA,NA,NA
"Hyundai","Veracruz",1,2012,496.40436,480.729532163743,16.25405,21.6292,4348.5
"Chevrolet","Aveo5",2,2010,496.34926,NA,NA,NA,NA
"Subaru","Ascent",4,2019,494.91978,387,20.5379,26.6602,4499
"Cadillac","CT6",1,2017,490.3983,359,21.5537,30.2223,4085
"Nissan","370Z",1,2009,490.3983,NA,NA,NA,3232
"Chevrolet","C2500",1,1998,489.01205,NA,NA,NA,4887
"Toyota","Scion xA",1,2005,489.01205,296.233333333333,27,34.5,2340
"Chevrolet","Corsica",1,2014,488.61102,NA,NA,NA,NA
"Nissan","280ZX",1,1983,478.00413,NA,NA,NA,NA
"Saturn","Other",4,2003,477.57156,NA,NA,NA,NA
"Plymouth","Neon",1,1996,477.53276,336.436428571429,23,32.5,2381
"Volkswagen","CC",4,2014,477.30474,NA,NA,NA,NA
"Dodge","W150 Pickup",1,1985,476.05888,807.909090909091,10,13,NA
"Saab","9-5",4,2004,474.67603,433.770238095238,17.5,26.5,NA
"Toyota","Previa",2,1992,470.19346,508.243464052288,15.5,20,3562.5
"Infiniti","EX35",1,2008,465.83813,467.736842105263,16.5,23.5,3833.5
"Buick","Rendezvous",9,2006,465.20211,474.233187134503,16.25,23,4096
"Ford","Bronco",2,1994,462.66163,NA,NA,NA,NA
"Suzuki","SX4 Crossover",4,2010,460.68975,NA,NA,NA,NA
"Land Rover","Range Rover Evoque",2,2018,446.07847,NA,NA,NA,NA
"Chevrolet","Lumina",4,1996,436.63286,NA,NA,NA,NA
"Chevrolet","Express",5,2007,431.9763,624.205952380952,12.75,16.5,5442.5
"Mazda","Protege",3,2002,431.31197,NA,NA,NA,NA
"Chrysler","Concorde",5,2000,424.47988,433.770238095238,17.5,26,3438
"Cadillac","Fleetwood Brougham",1,1985,422.01529,503.763305322129,16.5,23,NA
"Volvo","V70 XC",2,2001,416.39064,493.722222222222,16,21,NA
"Mitsubishi","Mirage G4",1,2017,415.72115,243,33.62305,40.6274,NA
"Honda","CR-Z",2,2013,415.40451,NA,NA,NA,NA
"Pontiac","Montana",4,2004,411.72128,469.036111111111,16.5,23,3872.5
"Mercedes-Benz","Other",4,2000,409.62561,NA,NA,NA,NA
"Buick","Other",3,2001,409.08905,NA,NA,NA,NA
"Audi","Q7",4,2016,408.01977,NA,NA,NA,NA
"Mercury","Other",2,2007,406.40079,NA,NA,NA,NA
"Volvo","V40",1,2001,406.11965,386.391304347826,20,29,3118
"Mazda","626",3,1999,403.69803,NA,NA,NA,NA
"Land Rover","Range Rover Sport",1,2011,401.11237,613.62619047619,12.23845,17.63995,5598
"Mitsubishi","Galant",6,2005,399.61569,NA,NA,NA,NA
"Volkswagen","Cabrio",3,1999,395.32139,387.123106060606,20,27,2685
"Ford","Transit Connect",2,2012,379.51196,386.391304347826,21.1658,26.4305,3392.5
"Nissan","Quest",6,2013,378.59659,421,19.0424,24.5382,4264
"Lincoln","LS",1,2001,366.34175,493.722222222222,15,23,3587.5
"Cadillac","STS",2,2006,351.81823,NA,NA,NA,NA
"Chrysler","LHS",2,1997,350.37781,467.736842105263,16,24,3527
"Kia","Amanti",2,2004,348.27428,493.722222222222,15,23,4021
"Volvo","S90",1,2018,340.66072,322,23.808,33.3,4091
"Saturn","Astra",3,2008,340.25662,329.148148148148,24,31,2877
"GMC","Safari",1,1997,333.8729,555.4375,15,20,4198
"Infiniti","G35",4,2006,328.69766,NA,NA,NA,NA
"BMW","X2 M",1,2018,320.07519,NA,NA,NA,NA
"Lincoln","Continental",4,2008,317.94748,NA,NA,NA,NA
"Dodge","Nitro",3,2009,315.87153,NA,NA,NA,NA
"Jeep","Commander",3,2007,315.86643,592.466666666667,14,18,4825
"Ford","Excursion",3,2001,313.1329,NA,NA,NA,NA
"Chevrolet","K1500",4,1994,306.38957,636.25,14,17,NA
"Volvo","V50",2,2008,291.44982,NA,NA,NA,NA
"Mitsubishi","Lancer",6,2008,285.21181,370.291666666667,21.5,29,3031
"Infiniti","FX35",4,2006,283.06967,508.243464052288,15,21,4124
"Honda","S2000",3,2002,280.88781,NA,NA,NA,NA
"Cadillac","Seville",4,1995,272.25044,493.722222222222,15,23,3769.5
"Jaguar","S-Type",2,2002,270.92491,NA,NA,NA,NA
"Cadillac","CTS-V",3,2012,270.30316,NA,NA,NA,NA
"Porsche","Boxster",1,2007,265.94474,403.954545454545,19,28,3043.5
"Buick","Envision",4,2017,257.56617,371,21.4792,27.935625,3929
"Volvo","C30",2,2010,250.98788,NA,NA,NA,NA
"Alfa Romeo","Giulia",4,2017,250.37742,390.5,20.3117,28.51435,3632
"Audi","S4",2,2016,247.68272,NA,NA,NA,NA
"Chevrolet","Impala Limited",5,2014,243.85168,410,17.821,29.1471,3602
"Chevrolet","Captiva",4,2012,226.54783,460.393147724383,17.3352,24.0324,4575
"Dodge","Magnum",4,2006,220.68074,444.35,17,24,4069
"Infiniti","JX35",1,2013,220.64429,437.5,18.2223,23.7371,4240.5
"Toyota","Scion iM",1,2016,220.40137,288.5,27.6363,35.42265,2943
"Volvo","V90",1,1998,217.67895,493.722222222222,16,23,3609
"Chevrolet","Prizm",3,2001,216.77209,296.233333333333,26,36,2403
"Mercury","Montego",2,2007,215.63886,445.46365914787,18,24.5,3737.5
"Cadillac","Eldorado",3,1998,201.69635,NA,NA,NA,NA
"Volvo","240",3,1990,199.40182,433.770238095238,18,24,2985
"Honda","Crosstour",4,2014,198.4398,388.25,19.779125,28.6005,3829
"Ford","Escape Hybrid",4,2009,194.66006,297.555803571429,31.5,29,NA
"Ford","Econoline Wagon",3,2001,190.19633,NA,NA,NA,NA
"Mercury","Monterey",2,2004,188.74685,522.764705882353,15,21,4434
"Mitsubishi","Lancer Evolution",1,2005,187.63821,467.736842105263,17,23.5,NA
"Toyota","Land Cruiser",3,2004,187.43954,NA,NA,NA,NA
"Acura","ILX",3,2016,187.16851,309,25.1342,34.8146,3103
"Mercedes-Benz","GLK",2,2014,185.88142,NA,NA,NA,4123
"Nissan","Armada",4,2010,185.86,NA,NA,NA,NA
"BMW",NA,2,2014,177.11982,NA,NA,NA,NA
"BMW","2 Series",2,2016,176.23428,NA,NA,NA,NA
"Ford","Aerostar",1,1995,168.82586,508.243464052288,15,21,3646
"Cadillac","Allante",2,1989,168.77094,NA,NA,NA,NA
"Chevrolet","Caprice",2,1982,166.95807,NA,NA,NA,NA
"Chevrolet","Silverado LD",4,2019,165.48452,513,15.12205,21.10855,5356
"GMC","K1500",1,1986,165.03191,NA,NA,NA,3871
"Isuzu","Trooper",1,2000,161.0181,592.466666666667,13.5,17,4455
"Audi","S5",1,2014,159.21867,426,17.5804,26.7905,3841.5
"Infiniti","G25x",1,2012,159.21867,403.954545454545,19.4394,26.8407,NA
"BMW","6 Series",1,2007,156.49699,524.579861111111,14.5,21.5,4045.5
"Lincoln","Navigator",1,2008,156.49699,634.785714285714,12,18,6070
"Oldsmobile","Eighty Eight",2,1998,154.28349,NA,NA,NA,NA
"Mercedes-Benz","SLK",3,2004,153.42431,NA,NA,NA,NA
"Saab","900",3,1990,151.6434,423.190476190476,18,26,2861
"Nissan","Murano CrossCabriolet",1,2011,151.37405,467.736842105263,16.8538,21.9805,NA
"Infiniti","G37",2,2011,149.95364,444.35,17.7302,24.9966,3661
"Chevrolet","Classic",3,2005,148.59917,355.48,22,31,3106
"Porsche","Macan",3,2016,147.03227,NA,NA,NA,NA
"Nissan","Titan XD",2,2016,140.12594,NA,NA,NA,6423
"Land Rover","LR4",1,2015,137.0046,539,14.5898,19.488,5655
"Infiniti","QX50",3,2016,132.77346,NA,NA,NA,NA
"Audi","Q3",3,2018,132.30553,380,20.2697,28.2208,3825
"GMC","Jimmy",3,1998,131.76545,NA,NA,NA,NA
"Acura","RL",2,2002,124.94538,NA,NA,NA,NA
"GMC","Envoy XL",2,2003,123.96469,NA,NA,NA,NA
"BMW","M3",1,2020,116.68833,354.5,21.90335,29.95395,3908.5
"Chevrolet","Citation",1,1981,115.61848,NA,NA,NA,2404
"Volkswagen","e-Golf",1,2016,107.88714,0,NA,NA,3399.5
"Fiat","500L",2,2014,105.82066,NA,NA,NA,3228.5
"Mercedes-Benz","Sprinter 3500",2,2016,105.58253,NA,NA,NA,NA
"Mitsubishi","Endeavor",2,2009,103.61712,NA,NA,NA,NA
"Mercedes-Benz","400",1,1995,102.54156,NA,NA,NA,NA
"Mercury","Villager",2,2002,102.4047,522.764705882353,15,21,4023.5
"Cadillac","ELR",1,2014,102.15952,91,31,35,4048
"BMW","1 Series",2,2012,102.10465,413.572510822511,18.2541,27.3242,3505
"Toyota","Tercel",2,1994,101.78057,329.148148148148,24,31,1987.5
"MINI","Other",2,2014,101.52419,NA,NA,NA,NA
"Jeep","CJ7",2,1984,101.12467,NA,NA,NA,NA
"GMC","Sonoma",2,1998,100.37451,NA,NA,NA,NA
"Hyundai","Tiburon",2,2004,99.77702,444.35,17,24,2977.5
"Hyundai","Kona",2,2018,99.76266,313.25,26.606,31.3729,3073.5
"Volvo","V60",2,2016,99.49676,NA,NA,NA,NA
"Nissan","cube",2,2010,99.14315,NA,NA,NA,2762
"Chevrolet","K3500",2,1998,99.05811,NA,NA,NA,NA
"Volvo","V60 Cross Country",2,2017,98.53961,NA,NA,NA,3920
"Chevrolet","Tracker",2,1999,98.44761,NA,NA,NA,NA
"Lexus","CT",2,2015,98.12552,NA,NA,NA,NA
"Hyundai","Santa Fe Sport",2,2018,97.83828,402,19.803575,26.33865,3766.5
"BMW","Z3",2,1999,97.62883,NA,NA,NA,NA
"Volkswagen","EuroVan",2,2002,97.62883,NA,NA,NA,NA
"Saab","9-2X",2,2005,97.61317,NA,NA,NA,NA
"Honda","Prelude",2,1994,97.52923,NA,NA,NA,NA
"Cadillac","XTS",2,2014,97.34916,417,17.9383,27.6447,4110.5
"Hyundai","Santa Fe XL",2,2018,97.18625,NA,NA,NA,NA
"Toyota","Scion tC",2,2008,92.8926,NA,NA,NA,NA
"GMC","P3500",1,1997,91.88616,NA,NA,NA,NA
"Chevrolet","P30",1,1984,91.21454,NA,NA,NA,3283.5
"Infiniti","Other",1,2016,90.93763,NA,NA,NA,NA
"Mitsubishi","Eclipse Spyder",1,2008,89.35486,435.845693779904,17.5,25.5,NA
"Chrysler","Lebaron",2,1992,87.8541,NA,NA,NA,NA
"Porsche","Cayman",2,2006,84.70818,423.190476190476,18,25.5,2965
"Jaguar","XJ8",1,2004,84.49245,467.736842105263,16,25,3766
"Lexus","Ot",2,2020,83.98146,NA,NA,NA,NA
"Chrysler","Voyager",2,2002,83.58178,508.243464052288,15.5,21.5,3766
"Buick","Terraza",2,2007,83.1446,467.736842105263,16,23,4470
"Suzuki","Kizashi",2,2012,82.98169,362.885833333333,21.6497,29.33425,3329
"Volvo","850 Series",2,1996,82.96809,NA,NA,NA,NA
"Audi","RS7",1,2016,78.19467,NA,NA,NA,4440
"Oldsmobile","Toronado",1,1992,77.45666,467.736842105263,16,24,3354
"Dodge","Sprinter 3500",1,2006,68.31506,NA,NA,NA,NA
"Chevrolet","C3500",1,1996,66.94717,NA,NA,NA,NA
"Buick","Cascada",1,2017,62.75578,395,20.0221,26.5822,3979
"Volvo","Other",1,2005,60.48733,NA,NA,NA,NA
"Ford","Contour",1,1999,58.93077,404.790890269151,19,27,2921
"Jaguar","XJR",1,2001,56.3786,555.4375,14,20,4050
"Kia","Forte5",1,2017,55.1792,NA,NA,NA,NA
"Ford","Transit Wagon",1,2017,54.81747,NA,NA,NA,NA
"Chevrolet","K2500",1,1989,54.19469,634.785714285714,13,16,NA
"Infiniti","QX56",1,2012,53.37647,555.4375,13.63315,19.81865,5720
"Dodge",NA,1,2015,53.2145,NA,NA,NA,NA
"Ford","Tempo",1,1993,52.96278,423.190476190476,19,25.5,2566
"Plymouth","Sundance",1,1991,52.79231,403.954545454545,20,25.5,2551
"Chrysler","Crossfire",1,2008,52.78703,458.456349206349,17,24,3100.5
"Ford","E-350",1,2003,52.3888,NA,NA,NA,NA
"Volvo","C70",1,2002,52.35612,428.480357142857,18,25.25,3668
"Kia","Spectra5",1,2006,51.90744,NA,NA,NA,2701
"Chevrolet","C10",1,1986,51.8368,607.319024725275,13.25,17,3282
"Jaguar","XF",1,2014,51.8368,443.5,17.0163,26.39965,3660
"Infiniti","M35",1,2006,51.48661,493.722222222222,16,22.5,3792
"Porsche","944",1,1984,51.48661,469.036111111111,17,22.5,2778
"Infiniti","QX70",1,2017,51.43513,471.5,16.59305,22.72955,4265
"GMC","R2500",1,1987,51.33959,NA,NA,NA,NA
"Geo","Metro",1,1997,50.68337,253.914285714286,33,39,1830
"Ford","E-350 Wagon",1,1995,50.53705,NA,NA,NA,NA
"GEM","Other",1,2013,50.40855,NA,NA,NA,NA
"Chevrolet","Metro",1,1998,50.38944,253.914285714286,33,39,1895
"Plymouth","Voyager",1,2000,50.38944,467.736842105263,16,23,3602
"Chrysler","Grand Voyager",1,2010,50.29841,NA,NA,NA,NA
"Infiniti","G35x",1,2007,50.21494,467.736842105263,17,23,NA
"Ford","Explorer Sport",1,2003,50.19192,556.526593137255,14.5,18.75,3861.5
"Hummer","H3",1,2009,50.19192,555.4375,14,18,4789
"Infiniti","M37x",1,2013,50.19192,447,17.5243,23.8388,NA
"Audi","A3/S3",1,2015,50.15297,NA,NA,NA,NA
"Dodge","Stealth",1,1993,50.02672,493.722222222222,16,22,3169.5
"Kia","Other",1,2019,50.0255,NA,NA,NA,NA
"Acura","CL",1,1999,49.69443,403.954545454545,20,27,3188.5
"Mazda","Protege5",1,2002,49.60882,NA,NA,NA,NA
"Nissan","Pickup",1,1997,49.60882,NA,NA,NA,NA
"Fiat","124 Spider",1,2017,49.57392,300,25.7905,35.7568,2436
"Kia","Rio5",1,2006,49.57392,NA,NA,NA,NA
"Land Rover","Discovery Sport",1,2016,49.57392,401,19.8039,25.9337,3854
"Genesis","G80",1,2018,49.56438,447.5,17.22665,24.72545,4519
"Dodge","Spirit",1,1992,49.54632,444.35,18,25,2708
"Toyota","Supra",1,1989,49.5281,493.722222222222,16,21,3494.5
"Bertone","X1/9",1,1986,49.07929,403.954545454545,20,26,NA
"Ford","Probe",1,1994,49.07929,415.370652173913,18.5,26.5,2805.5
"Mercedes-Benz","G",1,2004,49.07929,NA,NA,NA,5481.5
"Mercury","Capri",1,1992,49.07929,386.391304347826,21,26,2451
"Subaru","Baja",1,2005,49.07929,445.46365914787,18,24,3545
"Cadillac","Brougham",1,1989,49.06276,493.722222222222,15,22,4076
"Fiat","500e",1,2017,49.06276,0,NA,NA,NA
"Genesis","Other",1,2016,49.06276,NA,NA,NA,NA
"Lotus","Elise/Exige",1,2006,49.06276,403.954545454545,19,27,NA
"Nissan","NV2500HD",1,2014,49.06276,NA,NA,NA,NA
"Infiniti","Q60",1,2018,49.0471,379,20.8507,29.0291,3900.5
"Toyota","Paseo",1,1996,49.0471,323.270502645503,25,31.5,2025
"Buick","Regal TourX",1,2018,48.99101,366,21.2652,29.287,3816
"Infiniti","QX30",1,2018,48.99101,324,24.1397,32.9834,3344.5
"Cadillac","Other",1,1991,48.87369,NA,NA,NA,NA
"Lexus","HS",1,2012,48.87369,261.382352941176,34.8691,32.8285,3682
"Mercedes-Benz","CLK",1,2008,48.87369,NA,NA,NA,3897.5
"Chevrolet","G20",1,1995,48.84647,NA,NA,NA,4052
"Cadillac","Escalade EXT",1,2005,48.77552,NA,NA,NA,NA
"Mercury","Tracer",1,1999,48.77552,336.436428571429,23,32.5,2498
"Toyota","C-HR",1,2018,48.77552,305,27.0745,31.2658,3300
"Toyota","T100",1,1998,48.77552,534.601428663571,15.5,18.5,4022.5
"Eagle","Vision",1,1997,48.75371,467.736842105263,16,24,3435
"GMC","G1500 Vandura",1,1992,48.75371,NA,NA,NA,NA
"Hyundai","Ioniq",1,2018,48.75371,163,54.7251,54.4521,3073
"Hyundai","Veloster",1,2015,48.75371,311,25.0329,33.3567,2692
"Toyota","Corolla iM",1,2018,48.75371,290,27.4656,35.23935,2998
"GMC","Envoy XUV",1,2004,48.65177,NA,NA,NA,NA
"Suzuki","Aerio",1,2005,48.63104,370.291666666667,22,28,2698
"Acura","NSX",1,2004,48.57364,493.722222222222,16,22,3153
"Audi","allroad",1,2002,48.57364,NA,NA,NA,4079
"Chevrolet","Malibu Limited",1,2016,48.57364,329,23.442,32.8468,3439
"Ford","Mustang Shelby",1,2017,48.57364,NA,NA,NA,NA
"Mercury","Mystique",1,1999,48.57364,404.790890269151,19,27,2814.5
"Ram","ProMaster 2500",1,2016,48.57364,NA,NA,NA,2632
"Volkswagen","Cabriolet",1,1992,48.57364,370.935652173913,21.5,27.5,2224
"Chevrolet","El Camino",1,1985,48.56607,522.764705882353,15,20,3367
"Dodge","Lancer",1,1985,48.56607,423.190476190476,19,25,NA
"Honda","Civic del SOL",1,1996,48.56607,NA,NA,NA,NA
"Jaguar","Other",1,2006,48.56607,NA,NA,NA,NA
"Jaguar","XE",1,2017,48.56607,368,20.6019,30.4124,3582.5
"Mazda","Truck",1,2003,48.56607,NA,NA,NA,NA
"Delorean","DMC-12",1,1981,48.55201,NA,NA,NA,NA
"Fisker","Karma",1,2012,48.55201,169,19.7,21.4,NA
"Tesla","Model X",1,2016,48.55201,0,NA,NA,5441
"Mazda","MazdaSpeed6",1,2006,35.7639,NA,NA,NA,NA
"Fiat","500 ABARTH",1,2013,35.65944,NA,NA,NA,NA
"Honda",NA,1,2008,35.59309,NA,NA,NA,NA
"Oldsmobile","Cutlass",1,1984,35.53595,424.166666666667,20,28,3251.75
"Jaguar","F-Type",1,2014,35.10701,405,19.2932,26.8407,3558
"Mazda","MPV",1,2001,34.93574,493.722222222222,16,21,3657
"Isuzu","Ascender",1,2004,34.90284,564.694791666667,13.75,18.5,4240
"Chevrolet","Captiva Sport",1,2014,34.73227,NA,NA,NA,NA
"Aston Martin","Vanquish",1,2018,34.72058,555,13.466,20.7097,3834
"Nissan","NV200",1,2014,34.50187,363,23.5267,25.2844,3186
"Plymouth","Grand Voyager",1,1997,34.50187,467.736842105263,16.5,22.5,3687
"Volvo","S60 Inscription",1,2018,34.50187,321,23.83455,34.2558,NA
"Mitsubishi","Lancer Sportback",1,2010,34.36908,403.954545454545,20,27,NA
"smart","fortwo",1,2011,34.36908,123.430555555556,33.0269,39.0821,1808
"Toyota","Scion iA",1,2016,34.36908,253.5,31.56055,40.3571,2385
"Volkswagen","Golf R",1,2016,34.36908,350.5,22.16925,30.09355,3258.5
"Suzuki","Sidekick",1,1993,0,409.181700545831,20.75,23.5,NA
"Suzuki","XL-7",1,2004,0,NA,NA,NA,NA
